Id,Departamento,Tipo,Nombre,Direccion,Telefono,Latitud,Longitud,Fuente
1241,Beni,Mercado,EL MERCADO DE LAS PULGAS,NA,NA,-14834710,-64903362,geobo
1242,Beni,Mercado,MERCADO 26 DE JULIO,NA,NA,-14838198,-64915429,geobo
1243,Beni,Mercado,MERCADO 30 DE JULIO SIN UTILIZAR.,NA,NA,-14806752,-64906868,geobo
1244,Beni,Mercado,MERCADO EL TAJIBITO,NA,NA,-14837781,-64900964,geobo
1245,Beni,Mercado,MERCADO FATIMA,NA,NA,-14834495,-64894001,geobo
1246,Beni,Mercado,MERCADO LOS MENUDOS,NA,NA,-14838527,-64899134,geobo
1247,Beni,Mercado,MERCADO MIAMI,NA,NA,-14839781,-64904587,geobo
1248,Beni,Mercado,MERCADO MUNICIPAL BELLO HORIZONTE,NA,NA,-14812041,-64885889,geobo
1249,Beni,Mercado,MERCADO PAITITI,NA,NA,-14824703,-64887555,geobo
1250,Beni,Mercado,MERCADO POMPEYA,NA,NA,-14839506,-64900233,geobo
1251,Beni,Mercado,MERCADO SAN VICENTE,NA,NA,-14832279,-64909109,geobo
1252,Beni,Mercado,MERCADO SECCInaL,NA,NA,-14833227,-64902203,geobo
1253,Beni,Mercado,NUEVO MERCADO 13 DE ABRIL,NA,NA,-14834129,-64887880,geobo
1254,Beni,Mercado,MERCADO CENTRAL RURREnaBAQUE,NA,NA,-14441568,-67528529,geobo
1255,Beni,Mercado,MERCADO DE RURREnaBAQUE,NA,NA,-14430046,-67504601,geobo
1256,Beni,Mercado,MERCADO CAMPESINO PRIMERO DE MAYO,NA,NA,-14862765,-66749619,geobo
1257,Beni,Mercado,MERCADO CENTRAL LA PAZ,NA,NA,-14860600,-66746196,geobo
1258,Beni,Mercado,MERCADO SANTA MARIA MAGDALEna,NA,NA,-13260531,-64054679,geobo
1259,Beni,Mercado,MERCADO CAMPESINO,NA,NA,-14993250,-65636371,geobo
1260,Beni,Mercado,MERCADO CENTRAL,NA,NA,-14996196,-65640043,geobo
1261,Beni,Mercado,MERCADO SANTA FE,NA,NA,-14999706,-65644056,geobo
1262,Beni,Mercado,MERCADO CAMPESINO,NA,NA,-10822459,-65354893,geobo
1263,Beni,Mercado,MERCADO CENTRAL GUAYARAMERIN,NA,NA,-10817612,-65353601,geobo
1264,Beni,Mercado,MERCADO LOS ALMENDROS,NA,NA,-10832585,-65347465,geobo
1265,Beni,Mercado,MERCADO 3 DE FEBRERO,NA,NA,-11003930,-66056500,geobo
1266,Beni,Mercado,MERCADO LAS MERCEDEZ,NA,NA,-10998407,-66034914,geobo
1267,Beni,Mercado,MERCADO SAN JOSE,NA,NA,-11000263,-66064713,geobo
1268,Beni,Mercado,MERCADO CAMPESINO ALONSO HUMAZA  TABABARI,NA,NA,-13738694,-65423239,geobo
1269,Beni,Mercado,MERCADO DE SANTA Ana,NA,NA,-13743833,-65427109,geobo
1270,Beni,Mercado,MERCADO VEINTISEIS DE JULIO,NA,NA,-13739336,-65421892,geobo
1271,Cochabamba,Mercado,MERCADO CENTAL DE ARANI,NA,NA,-17573450,-65771911,geobo
1272,Cochabamba,Mercado,MERCADO CENTRAL AIQUILE,NA,NA,-18200487,-65182094,geobo
1273,Cochabamba,Mercado,MERCADO CENTRAL CAPINOTA,NA,NA,-17714267,-66262038,geobo
1274,Cochabamba,Mercado,MERCADO CENTRAL,NA,NA,-17723912,-66283844,geobo
1275,Cochabamba,Mercado,MERCADO IRPA IRPA,NA,NA,-17721716,-66287138,geobo
1276,Cochabamba,Mercado,MERCADO CORONEL GERMAN LEMA,NA,NA,-17550160,-66249214,geobo
1277,Cochabamba,Mercado,MERCADO ASOCIACION 13 DE JUNIO,NA,NA,-16996032,-65153058,geobo
1278,Cochabamba,Mercado,MERCADO CAMPESINO,NA,NA,-16994898,-65150180,geobo
1279,Cochabamba,Mercado,MERCADO CENTRAL DE CHIMORE,NA,NA,-16994751,-65149850,geobo
1280,Cochabamba,Mercado,MERCADO DE FRUTAS CHIMORE,NA,NA,-16996085,-65151573,geobo
1281,Cochabamba,Mercado,MERCADO GREMELISTAS  CHIMORE,NA,NA,-16996078,-65152058,geobo
1282,Cochabamba,Mercado,MERCADO DE LA ZOna,NA,NA,-17204348,-64532480,geobo
1283,Cochabamba,Mercado,MERCADO ENTRE RIOS,NA,NA,-17198678,-64538016,geobo
1284,Cochabamba,Mercado,MERCADO NUEVO,NA,NA,-17195974,-64534470,geobo
1285,Cochabamba,Mercado,MERCADO 14 DE SEPTIEMBRE,NA,NA,-17032905,-64860856,geobo
1286,Cochabamba,Mercado,MERCADO 15 DE ABRIL,NA,NA,-17037919,-64863372,geobo
1287,Cochabamba,Mercado,MERCADO CENTRAL 27 DE MAYO,NA,NA,-17033594,-64860132,geobo
1288,Cochabamba,Mercado,MERCADO DE COCA,NA,NA,-17041717,-64861130,geobo
1289,Cochabamba,Mercado,MERCADO PRIMARIO DE COCA,NA,NA,-17032752,-64860202,geobo
1290,Cochabamba,Mercado,MERCADO PUERTO VILLARROEL,NA,NA,-16839107,-64794150,geobo
1291,Cochabamba,Mercado,ANTIGUO MERCADO CAMPESINO LAGUna ALALAY,NA,NA,-17400400,-66142597,geobo
1292,Cochabamba,Mercado,MEGA MERCADO DE FRUTAS,NA,NA,-17400428,-66143305,geobo
1293,Cochabamba,Mercado,MERCADO,NA,NA,-17446730,-66115624,geobo
1294,Cochabamba,Mercado,MERCADO 10 DE FEBRERO,NA,NA,-17440041,-66116183,geobo
1295,Cochabamba,Mercado,MERCADO 10 DE FEBRERO,NA,NA,-17360889,-66182980,geobo
1296,Cochabamba,Mercado,MERCADO 12 DE JULIO LOMAS DE SANTA BARBARA,NA,NA,-17462301,-66105928,geobo
1297,Cochabamba,Mercado,MERCADO 1RO DE MARZO,NA,NA,-17394903,-66154826,geobo
1298,Cochabamba,Mercado,MERCADO 20 DE FEBRERO,NA,NA,-17419201,-66144285,geobo
1299,Cochabamba,Mercado,MERCADO 20 DE OCTUBRE,NA,NA,-17490089,-66177713,geobo
1300,Cochabamba,Mercado,MERCADO 25 DE MAYO,NA,NA,-17401180,-66153924,geobo
1301,Cochabamba,Mercado,MERCADO 25 DE MAYO,NA,NA,-17394938,-66155352,geobo
1302,Cochabamba,Mercado,MERCADO 25 DE MAYO -A,NA,NA,-17394676,-66154392,geobo
1303,Cochabamba,Mercado,MERCADO 25 DE MAYO B,NA,NA,-17394703,-66154863,geobo
1304,Cochabamba,Mercado,MERCADO 27 DE MAYO,NA,NA,-17425230,-66143201,geobo
1305,Cochabamba,Mercado,MERCADO 27 DE MAYO,NA,NA,-17474951,-66149199,geobo
1306,Cochabamba,Mercado,MERCADO 8DE SEPTIEMBRE,NA,NA,-17434506,-66156740,geobo
1307,Cochabamba,Mercado,MERCADO BARTOLIna SISA,NA,NA,-17468100,-66206974,geobo
1308,Cochabamba,Mercado,MERCADO CAMPESINO,NA,NA,-17431632,-66125808,geobo
1309,Cochabamba,Mercado,MERCADO CAMPESINO,NA,NA,-17434316,-66124189,geobo
1310,Cochabamba,Mercado,MERCADO CAMPESINO,NA,NA,-17434047,-66124387,geobo
1311,Cochabamba,Mercado,MERCADO CAMPESINO,NA,NA,-17430476,-66126161,geobo
1312,Cochabamba,Mercado,MERCADO CAMPESINO,NA,NA,-17433555,-66124678,geobo
1313,Cochabamba,Mercado,MERCADO CAMPESINO DEL NORTE   MAYORISTAS DEL PRODUCTOR AL CONSUMIDOR,NA,NA,-17351226,-66172623,geobo
1314,Cochabamba,Mercado,MERCADO CAMPESINO PRIVADO,NA,NA,-17429383,-66126429,geobo
1315,Cochabamba,Mercado,MERCADO CERRO VERDE,NA,NA,-17413978,-66144082,geobo
1316,Cochabamba,Mercado,MERCADO DE CALA CALA,NA,NA,-17372261,-66161775,geobo
1317,Cochabamba,Mercado,MERCADO DE VALLE HERMOSO,NA,NA,-17447943,-66127207,geobo
1318,Cochabamba,Mercado,MERCADO DEL OESTE BELEN TOKIO,NA,NA,-17382356,-66194726,geobo
1319,Cochabamba,Mercado,MERCADO EL PROGRESO,NA,NA,-17394689,-66190325,geobo
1320,Cochabamba,Mercado,MERCADO FERROVIARIO,NA,NA,-17448104,-66146801,geobo
1321,Cochabamba,Mercado,MERCADO FIDEL ARANIBAR,NA,NA,-17402795,-66153960,geobo
1322,Cochabamba,Mercado,MERCADO INGAVI,NA,NA,-17390127,-66171077,geobo
1323,Cochabamba,Mercado,MERCADO JAIHUAYCO,NA,NA,-17415019,-66164129,geobo
1324,Cochabamba,Mercado,MERCADO JUAN XXIII,NA,NA,-17388831,-66203724,geobo
1325,Cochabamba,Mercado,MERCADO LA PAMPA,NA,NA,-17403778,-66152052,geobo
1326,Cochabamba,Mercado,MERCADO LORETO,NA,NA,-17423266,-66157048,geobo
1327,Cochabamba,Mercado,MERCADO MISICUNI,NA,NA,-17437367,-66113235,geobo
1328,Cochabamba,Mercado,MERCADO MODELO DEL NORTE MINORISTAS,NA,NA,-17351945,-66172993,geobo
1329,Cochabamba,Mercado,MERCADO MOLINO EL GALLO,NA,NA,-17406813,-66155093,geobo
1330,Cochabamba,Mercado,MERCADO MOLINO SAN LUIS,NA,NA,-17405716,-66155077,geobo
1331,Cochabamba,Mercado,MERCADO NORTE CALATAYUD,NA,NA,-17398351,-66152809,geobo
1332,Cochabamba,Mercado,MERCADO OSORIO,NA,NA,-17397122,-66162586,geobo
1333,Cochabamba,Mercado,MERCADO PALMAR,NA,NA,-17467134,-66207119,geobo
1334,Cochabamba,Mercado,MERCADO PAPA PAULO,NA,NA,-17383902,-66147804,geobo
1335,Cochabamba,Mercado,MERCADO QUECHISLITAS,NA,NA,-17375552,-66185689,geobo
1336,Cochabamba,Mercado,MERCADO SAN ANTONIO,NA,NA,-17402758,-66155039,geobo
1337,Cochabamba,Mercado,MERCADO SECCIOnaL 15 DE ABRIL VILLA ALALAY,NA,NA,-17420300,-66140075,geobo
1338,Cochabamba,Mercado,MERCADO SUD CALATAYUD,NA,NA,-17398950,-66152731,geobo
1339,Cochabamba,Mercado,MERCADO ZOnaL SEÑOR DE MAYO,NA,NA,-17364564,-66176323,geobo
1340,Cochabamba,Mercado,MERCADOna,NA,NA,-17413559,-66165533,geobo
1341,Cochabamba,Mercado,MOROMERCADO LACTEOS,NA,NA,-17386795,-66157590,geobo
1342,Cochabamba,Mercado,MERCADO,NA,NA,-17338347,-65866537,geobo
1343,Cochabamba,Mercado,MERCADO CENTRAL DE COLOMI,NA,NA,-17338115,-65866671,geobo
1344,Cochabamba,Mercado,MERCADO CENTRAL DE COLOMI,NA,NA,-17337807,-65864607,geobo
1345,Cochabamba,Mercado,MERCADO 1 DE MAYO,NA,NA,-17413385,-66024177,geobo
1346,Cochabamba,Mercado,MERCADO BARRIENTOS,NA,NA,-17375997,-66118210,geobo
1347,Cochabamba,Mercado,MERCADO CAMPESINO,NA,NA,-17377808,-66112576,geobo
1348,Cochabamba,Mercado,MERCADO CENTRAL DE ESMERALDA,NA,NA,-17379197,-66078412,geobo
1349,Cochabamba,Mercado,MERCADO CENTRAL DE QUINTANILLA,NA,NA,-17387403,-66110762,geobo
1350,Cochabamba,Mercado,MERCADO CENTRAL DE QUINTANILLA,NA,NA,-17387121,-66110982,geobo
1351,Cochabamba,Mercado,MERCADO CENTRAL DE SACABA,NA,NA,-17402336,-66037375,geobo
1352,Cochabamba,Mercado,MERCADO CENTRAL HUAYYANI GRANDE/SAN ANTONIO,NA,NA,-17392732,-66058791,geobo
1353,Cochabamba,Mercado,MERCADO CENTRAL SACABA,NA,NA,-17404887,-66038608,geobo
1354,Cochabamba,Mercado,MERCADO DE BARRIO,NA,NA,-17376497,-66065552,geobo
1355,Cochabamba,Mercado,MERCADO EL CARMEN DISTRITO 6,NA,NA,-17415310,-66079808,geobo
1356,Cochabamba,Mercado,MERCADO MORRO(GALPON DE PAPA),NA,NA,-17398675,-66034591,geobo
1357,Cochabamba,Mercado,MERCADO VILLA UNION,NA,NA,-17414834,-66082962,geobo
1358,Cochabamba,Mercado,MERCADO 27 DE MAYO,NA,NA,-16830880,-65521034,geobo
1359,Cochabamba,Mercado,MERCADO CENTRAL ETERAZAMA,NA,NA,-16831453,-65520289,geobo
1360,Cochabamba,Mercado,MERCADO DE COMERCIANTES MINORISTAS 1RO DE MAYO,NA,NA,-16831420,-65519979,geobo
1361,Cochabamba,Mercado,MUCROMERCADO,NA,NA,-16974713,-65417948,geobo
1362,Cochabamba,Mercado,MERCADO MUNICIPAL DE TARATA,NA,NA,-17613894,-66024214,geobo
1363,Cochabamba,Mercado,MERCADO MODELO CENTRAL MIZQUE,NA,NA,-17941831,-65341851,geobo
1364,Cochabamba,Mercado,MERCADO CENTRAL PUnaTA,NA,NA,-17547058,-65836623,geobo
1365,Cochabamba,Mercado,MERCADO DE PAPA,NA,NA,-17542792,-65834452,geobo
1366,Cochabamba,Mercado,MERCADO CENTRAL SAN BENITO CON 90 PUESTOS DE VENTA,NA,NA,-17521671,-65894679,geobo
1367,Cochabamba,Mercado,MERCADO CAPACACHI,NA,NA,-17383518,-66223757,geobo
1368,Cochabamba,Mercado,MERCADO CENTRAL DE KAMY,NA,NA,-17365939,-66234565,geobo
1369,Cochabamba,Mercado,MERCADO DE ABASTO FLOTIDA NORTE,NA,NA,-17386820,-66225445,geobo
1370,Cochabamba,Mercado,MERCADO CENTRAL 27 DE MAYO EL PASO,NA,NA,-17339342,-66264936,geobo
1371,Cochabamba,Mercado,MERCADO 9 DE DICIEMBRE,NA,NA,-17399921,-66282840,geobo
1372,Cochabamba,Mercado,MERCADO 9 DE DICIEMBRE,NA,NA,-17400388,-66283251,geobo
1373,Cochabamba,Mercado,MERCADO CENTAL DE QUILLACOLLO,NA,NA,-17397293,-66280488,geobo
1374,Cochabamba,Mercado,MERCADO CENTRAL DE QUILLACOLLO,NA,NA,-17397415,-66279912,geobo
1375,Cochabamba,Mercado,MERCADO DE PAPAS,NA,NA,-17401411,-66285074,geobo
1376,Cochabamba,Mercado,MERCADO DE QUILLACOLLO,NA,NA,-17395750,-66282603,geobo
1377,Cochabamba,Mercado,MERCADO MARTIN CARDEnaS,NA,NA,-17406035,-66282849,geobo
1378,Cochabamba,Mercado,MERCADO NELIDA DE GUERRA,NA,NA,-17390006,-66285944,geobo
1379,Cochabamba,Mercado,MERCADO PLAZA DE GRANOS,NA,NA,-17398767,-66284040,geobo
1380,Cochabamba,Mercado,MERCADO VILLA MARIA,NA,NA,-17385642,-66256822,geobo
1381,Cochabamba,Mercado,MERCADO CENTRAL DE SIPE SIPE/SALE AL LADO B,NA,NA,-17453654,-66356641,geobo
1382,Cochabamba,Mercado,MERCADO 17 DE OCTUBRE,NA,NA,-17346300,-66191154,geobo
1383,Cochabamba,Mercado,MERCADO 24 DE JUNIO,NA,NA,-17334368,-66197998,geobo
1384,Cochabamba,Mercado,MERCADO CENTRAL DE TIQUIPAYA,NA,NA,-17337262,-66218661,geobo
1385,Cochabamba,Mercado,MERCADO CHILIMARCA 27 DE MAYO,NA,NA,-17336400,-66202946,geobo
1386,Cochabamba,Mercado,MERCADO DE LA COMUNIDAD BARRIO ÑEBERIA,NA,NA,-17361834,-66225057,geobo
1387,Cochabamba,Mercado,MERCADO SANTA ELISA,NA,NA,-17361763,-66215504,geobo
1388,Cochabamba,Mercado,FERIA DEL MERCADO CAMPESINO DE VINTO,NA,NA,-17399152,-66316880,geobo
1389,Cochabamba,Mercado,MERCADO CENTRAL CHULLA,NA,NA,-17377769,-66308240,geobo
1390,Cochabamba,Mercado,MERCADO DE VINTO,NA,NA,-17399660,-66316306,geobo
1391,Cochabamba,Mercado,MERCADO SEXTA,NA,NA,-17398040,-66326043,geobo
1392,Cochabamba,Mercado,MERCADO,NA,NA,-16993608,-65248754,geobo
1393,Cochabamba,Mercado,MERCADO 10 DE FEBRERO,NA,NA,-16996016,-65246544,geobo
1394,Cochabamba,Mercado,MERCADO 27 DE JULIO,NA,NA,-16994008,-65239797,geobo
1395,Cochabamba,Mercado,MERCADO 27 DE MAYO,NA,NA,-16994004,-65248758,geobo
1396,Cochabamba,Mercado,MERCADO CENTRAL 24 DE AGOSTO,NA,NA,-16994153,-65247321,geobo
1397,Cochabamba,Mercado,MERCADO LA PAZ TROPICO PRIMERA SECCION,NA,NA,-16993744,-65247649,geobo
1398,Cochabamba,Mercado,MERCADO LA PAZ TROPICO SEGUNDA SECCION,NA,NA,-16994098,-65247711,geobo
1399,Cochabamba,Mercado,MERCADO LA PAZ TROPICO TERCERA SECCION,NA,NA,-16994404,-65247765,geobo
1400,Cochabamba,Mercado,MERCADO PRIMARIO DE COCA,NA,NA,-16992715,-65244050,geobo
1401,Cochabamba,Mercado,MERCADO PRIMARIO DE LA COCA,NA,NA,-16995964,-65248768,geobo
1402,Chuquisaca,Mercado,MERCADO CAMPESINO,NA,NA,-19810768,-63979596,geobo
1403,Chuquisaca,Mercado,MERCADO CENTRAL MONTEAGUDO,NA,NA,-19801674,-63954597,geobo
1404,Chuquisaca,Mercado,MERCADO GREMIALISTA  10 DE NOVIEMBRE,NA,NA,-19795762,-63959454,geobo
1405,Chuquisaca,Mercado,MERCADO MARACAna,NA,NA,-19803808,-63956887,geobo
1406,Chuquisaca,Mercado,MERCADO POPULAR,NA,NA,-19804907,-63957038,geobo
1407,Chuquisaca,Mercado,MERCADO SAN JOSE,NA,NA,-19808443,-63959234,geobo
1408,Chuquisaca,Mercado,MERCADO CAMPESINO,NA,NA,-20642098,-65211327,geobo
1409,Chuquisaca,Mercado,MERCADO CENTRAL,NA,NA,-20642076,-65210548,geobo
1410,Chuquisaca,Mercado,MERCADO BALLIVIAN 17 TIENDAS DE ROPA,NA,NA,-19042781,-65257327,geobo
1411,Chuquisaca,Mercado,MERCADO CAMPESINO,NA,NA,-19033359,-65253625,geobo
1412,Chuquisaca,Mercado,MERCADO CAPITAL .     TIENDAS DE ROPA,NA,NA,-19044016,-65258344,geobo
1413,Chuquisaca,Mercado,MERCADO DE LAJASTAMBO,NA,NA,-19012033,-65309123,geobo
1414,Chuquisaca,Mercado,MERCADO EL MORRO,NA,NA,-19026918,-65247991,geobo
1415,Chuquisaca,Mercado,MERCADO EVO MORALES AYMA,NA,NA,-19069518,-65242700,geobo
1416,Chuquisaca,Mercado,MERCADO LAJASTAMBO,NA,NA,-19012676,-65308665,geobo
1417,Chuquisaca,Mercado,MERCADO MINORISTA,NA,NA,-19040419,-65254812,geobo
1418,Chuquisaca,Mercado,MERCADO POCOnaS,NA,NA,-19047369,-65249312,geobo
1419,Chuquisaca,Mercado,MERCADO SAN ANTONIO ( GOBIERNO AUTONOMO MUNICIPAL DE SUCRE),NA,NA,-19050513,-65240854,geobo
1420,Chuquisaca,Mercado,MERCADO SANTA Ana RECOBITA,NA,NA,-19053279,-65253292,geobo
1421,Chuquisaca,Mercado,MERCADO TOMAS KATARI,NA,NA,-19020586,-65261213,geobo
1422,Chuquisaca,Mercado,TIKARIY MERCADO ARTESAnaL,NA,NA,-19033666,-65250373,geobo
1423,Chuquisaca,Mercado,MERCADO MUNICIPAL DE YOTALA,NA,NA,-19162174,-65263975,geobo
1424,Chuquisaca,Mercado,MERCADO CAMPESINO DE TARABUCO,NA,NA,-19181238,-64912127,geobo
1425,Chuquisaca,Mercado,MERCADO CENTRAL TARABUCO,NA,NA,-19181738,-64913732,geobo
1426,La Paz,Mercado,MERCADO CENTRAL,NA,NA,-15832238,-67567519,geobo
1427,La Paz,Mercado,MERCADO PRIMARIO DE COCA APROCOCA CARAnaVI,NA,NA,-15829210,-67570590,geobo
1428,La Paz,Mercado,MERCADO 3 DE MAYO,NA,NA,-14710154,-68416153,geobo
1429,La Paz,Mercado,MERCADO CENTRAL MUNICIPAL DESAGUADERO VIRGEN DE URCUPIÑA,NA,NA,-16566889,-69035975,geobo
1430,La Paz,Mercado,MERCADO MUNICIPAL,NA,NA,-16654143,-68302044,geobo
1431,La Paz,Mercado,MERCADO  COLQUIRI,NA,NA,-17395967,-67129487,geobo
1432,La Paz,Mercado,MERCADO 6 DE AGOSTO,NA,NA,-17391750,-67124970,geobo
1433,La Paz,Mercado,"MERCADO CAMPESINO, FRECIA VILLANUEVA CHOQUE",NA,NA,-17389033,-67122867,geobo
1434,La Paz,Mercado,MERCADO PEDRO DOMINGO MURILLO,NA,NA,-17389035,-67123687,geobo
1435,La Paz,Mercado,MERCADO DE COPACABAna,NA,NA,-16164434,-69085864,geobo
1436,La Paz,Mercado,MERCADO,NA,NA,-16488859,-68171422,geobo
1437,La Paz,Mercado,MERCADO  MODELO COSMOS 78,NA,NA,-16526254,-68200414,geobo
1438,La Paz,Mercado,MERCADO 12 DE OCTUBRE,NA,NA,-16520801,-68166439,geobo
1439,La Paz,Mercado,MERCADO 14 DE SEPTIEMBRE,NA,NA,-16542691,-68174185,geobo
1440,La Paz,Mercado,MERCADO 25 DE JULIO DE SANTIAGO II,NA,NA,-16536706,-68178413,geobo
1441,La Paz,Mercado,MERCADO 8 DE SEPTIEMBRE,NA,NA,-16589905,-68189914,geobo
1442,La Paz,Mercado,MERCADO AMIG-CHACO,NA,NA,-16526549,-68205115,geobo
1443,La Paz,Mercado,MERCADO BARTOLIna ZIZA,NA,NA,-16487454,-68194689,geobo
1444,La Paz,Mercado,MERCADO BOLIVAR D,NA,NA,-16524189,-68176356,geobo
1445,La Paz,Mercado,MERCADO CALUYO,NA,NA,-16531266,-68191707,geobo
1446,La Paz,Mercado,MERCADO CAMPESINO,NA,NA,-16537427,-68167382,geobo
1447,La Paz,Mercado,MERCADO CENTRAL VILLA DOLORES,NA,NA,-16512357,-68158903,geobo
1448,La Paz,Mercado,MERCADO CIUDAD SATELITE,NA,NA,-16524838,-68150698,geobo
1449,La Paz,Mercado,MERCADO CORAZON DE JESUS,NA,NA,-16548067,-68189746,geobo
1450,La Paz,Mercado,MERCADO DE ALTO LIMA,NA,NA,-16480569,-68175268,geobo
1451,La Paz,Mercado,MERCADO DE VILLA ADELA,NA,NA,-16519321,-68211463,geobo
1452,La Paz,Mercado,MERCADO DOLORES F,NA,NA,-16525866,-68186797,geobo
1453,La Paz,Mercado,MERCADO EL CARMEN,NA,NA,-16495726,-68214898,geobo
1454,La Paz,Mercado,MERCADO EL CARMEN,NA,NA,-16495661,-68214630,geobo
1455,La Paz,Mercado,MERCADO JUAN CRUZ,NA,NA,-16472962,-68221260,geobo
1456,La Paz,Mercado,MERCADO JUAna AZURDUY DE PADILLA,NA,NA,-16543383,-68185663,geobo
1457,La Paz,Mercado,MERCADO LUIS PAMPA,NA,NA,-16538112,-68204294,geobo
1458,La Paz,Mercado,MERCADO MODELO,NA,NA,-16619750,-68181631,geobo
1459,La Paz,Mercado,MERCADO PRIMERO DE MAYO,NA,NA,-16534306,-68199442,geobo
1460,La Paz,Mercado,MERCADO PRIVADO DE TUBERCULOS,NA,NA,-16506015,-68160242,geobo
1461,La Paz,Mercado,MERCADO QUISWARAS,NA,NA,-16542232,-68230957,geobo
1462,La Paz,Mercado,MERCADO SANTA Ana,NA,NA,-16526942,-68207370,geobo
1463,La Paz,Mercado,MERCADO SANTA ROSA,NA,NA,-16536735,-68165063,geobo
1464,La Paz,Mercado,MERCADO SANTOS MAMANI,NA,NA,-16494777,-68175121,geobo
1465,La Paz,Mercado,MERCADO TUnaRI,NA,NA,-16496642,-68196356,geobo
1466,La Paz,Mercado,MERCADO UNION PROGRESO,NA,NA,-16503925,-68161529,geobo
1467,La Paz,Mercado,MERCADO URKUPIÑA,NA,NA,-16555858,-68190930,geobo
1468,La Paz,Mercado,MERCADO VILLA EXALTACION,NA,NA,-16535768,-68157359,geobo
1469,La Paz,Mercado,MERCADO VILLA MERCEDES,NA,NA,-16566814,-68219919,geobo
1470,La Paz,Mercado,MERCADO VILLA TEJADA,NA,NA,-16521270,-68157088,geobo
1471,La Paz,Mercado,MERCADO VIRGEN DE LA CANDELARIA,NA,NA,-16526668,-68225074,geobo
1472,La Paz,Mercado,MERCADO ZOna MERCEDARIO,NA,NA,-16524015,-68235597,geobo
1473,La Paz,Mercado,ASOCIACION MERCADO CANDELARIA EX FONDO OVEJUYO,NA,NA,-16534070,-68038111,geobo
1474,La Paz,Mercado,MERCADO 10 DE ENERO,NA,NA,-16501468,-68104484,geobo
1475,La Paz,Mercado,MERCADO 14 DE SEPTIEMBRE,NA,NA,-16528293,-68099548,geobo
1476,La Paz,Mercado,MERCADO 15 DE ABRIL,NA,NA,-16476666,-68118147,geobo
1477,La Paz,Mercado,MERCADO 16 DE JULIO,NA,NA,-16529857,-68102487,geobo
1478,La Paz,Mercado,MERCADO 16 DE JULIO KALAJAHUIRA,NA,NA,-16453017,-68096536,geobo
1479,La Paz,Mercado,MERCADO 16 DE JULIO KALAJAHUIRA,NA,NA,-16452709,-68096591,geobo
1480,La Paz,Mercado,MERCADO 19 MARZO,NA,NA,-16496455,-68142156,geobo
1481,La Paz,Mercado,MERCADO 21 DE ENERO,NA,NA,-16456829,-68149514,geobo
1482,La Paz,Mercado,MERCADO 29 DE ENERO,NA,NA,-16536944,-68048392,geobo
1483,La Paz,Mercado,MERCADO 4 DE ABRIL,NA,NA,-16521882,-68145818,geobo
1484,La Paz,Mercado,MERCADO 8 DE DICIEMBRE,NA,NA,-16536944,-68048392,geobo
1485,La Paz,Mercado,MERCADO 8 DE SEPTIEMBRE,NA,NA,-16517027,-68113639,geobo
1486,La Paz,Mercado,MERCADO ADOLFO ORTEGA,NA,NA,-16496016,-68143630,geobo
1487,La Paz,Mercado,MERCADO ALTO MARISCAL SANTA CRUZ,NA,NA,-16493135,-68160590,geobo
1488,La Paz,Mercado,MERCADO ALTO SEGUENCOMA,NA,NA,-16533986,-68104223,geobo
1489,La Paz,Mercado,MERCADO AMAPOLA,NA,NA,-16500678,-68139058,geobo
1490,La Paz,Mercado,MERCADO ANTOFAGASTA,NA,NA,-16487708,-68140491,geobo
1491,La Paz,Mercado,MERCADO ARTESAnaL,NA,NA,-16495714,-68137648,geobo
1492,La Paz,Mercado,MERCADO ARTESAnaL JUAN XXIII,NA,NA,-16498421,-68137973,geobo
1493,La Paz,Mercado,MERCADO BAJO MARISCAL SANTA CRUZ,NA,NA,-16492558,-68158364,geobo
1494,La Paz,Mercado,MERCADO BOLIVAR,NA,NA,-16513848,-68141155,geobo
1495,La Paz,Mercado,MERCADO BOLIVAR,NA,NA,-16493591,-68131845,geobo
1496,La Paz,Mercado,MERCADO CALAMA,NA,NA,-16489753,-68137213,geobo
1497,La Paz,Mercado,MERCADO CALATAYUD,NA,NA,-16495439,-68147624,geobo
1498,La Paz,Mercado,MERCADO CAMACHO,NA,NA,-16500455,-68131575,geobo
1499,La Paz,Mercado,MERCADO CAMPESINO (ZENOBIO LOPEZ),NA,NA,-16506862,-68115456,geobo
1500,La Paz,Mercado,MERCADO CARMEN ENTRE RIOS,NA,NA,-16497277,-68156002,geobo
1501,La Paz,Mercado,MERCADO CENTRAL PURA PURA,NA,NA,-16481479,-68149226,geobo
1502,La Paz,Mercado,MERCADO COMEDOR RINCON CRIOLLO,NA,NA,-16503262,-68128262,geobo
1503,La Paz,Mercado,MERCADO DE COCA,NA,NA,-16473824,-68118086,geobo
1504,La Paz,Mercado,MERCADO DE COCA APOLO CARAnaVI,NA,NA,-16475955,-68119264,geobo
1505,La Paz,Mercado,MERCADO EL CARMEN,NA,NA,-16514695,-68126271,geobo
1506,La Paz,Mercado,MERCADO EL TEJAR,NA,NA,-16495322,-68152063,geobo
1507,La Paz,Mercado,MERCADO FRANCISCO CERnaDAS,NA,NA,-16483771,-68125464,geobo
1508,La Paz,Mercado,MERCADO GERMAN BUCHS,NA,NA,-16481803,-68139965,geobo
1509,La Paz,Mercado,MERCADO HAITI,NA,NA,-16490814,-68122574,geobo
1510,La Paz,Mercado,MERCADO HINOJOSA,NA,NA,-16503350,-68144583,geobo
1511,La Paz,Mercado,MERCADO JERMAN JORDAN,NA,NA,-16509999,-68112949,geobo
1512,La Paz,Mercado,MERCADO KILLI KILLI,NA,NA,-16494480,-68127412,geobo
1513,La Paz,Mercado,MERCADO KOLLLASUYO,NA,NA,-16495182,-68116670,geobo
1514,La Paz,Mercado,MERCADO LA MERCED,NA,NA,-16471025,-68118066,geobo
1515,La Paz,Mercado,MERCADO LA MERCED DE COTA COTA,NA,NA,-16542077,-68058031,geobo
1516,La Paz,Mercado,MERCADO LA PORTADA,NA,NA,-16489251,-68166946,geobo
1517,La Paz,Mercado,MERCADO LANZA,NA,NA,-16494747,-68137328,geobo
1518,La Paz,Mercado,MERCADO LAS DELICIAS,NA,NA,-16476973,-68123548,geobo
1519,La Paz,Mercado,MERCADO LAS FLORES,NA,NA,-16495416,-68151104,geobo
1520,La Paz,Mercado,MERCADO LAS LOMAS,NA,NA,-16522272,-68138834,geobo
1521,La Paz,Mercado,MERCADO LAS NIEVES,NA,NA,-16497140,-68157388,geobo
1522,La Paz,Mercado,MERCADO LOS ANDES,NA,NA,-16498739,-68148289,geobo
1523,La Paz,Mercado,MERCADO LLOJETA VERGEL,NA,NA,-16534238,-68140376,geobo
1524,La Paz,Mercado,MERCADO MANUEL HOYOS,NA,NA,-16485917,-68134593,geobo
1525,La Paz,Mercado,MERCADO MARACAna,NA,NA,-16485585,-68137140,geobo
1526,La Paz,Mercado,MERCADO MODELO ACHUMANI,NA,NA,-16530709,-68073618,geobo
1527,La Paz,Mercado,MERCADO MODELO ALTO SAN ANTONIO,NA,NA,-16498039,-68108447,geobo
1528,La Paz,Mercado,MERCADO MODELO IRPAVI,NA,NA,-16525088,-68087166,geobo
1529,La Paz,Mercado,MERCADO MODELO LAS VELAS,NA,NA,-16500744,-68127557,geobo
1530,La Paz,Mercado,MERCADO MODELO OBISPO INDABURO,NA,NA,-16501087,-68145532,geobo
1531,La Paz,Mercado,MERCADO N7 VILLA VICTORIA,NA,NA,-16490368,-68151694,geobo
1532,La Paz,Mercado,MERCADO NUESTRA SEÑORA DE LA PAZ,NA,NA,-16495542,-68103042,geobo
1533,La Paz,Mercado,MERCADO PASANKERI KM7,NA,NA,-16522962,-68143332,geobo
1534,La Paz,Mercado,MERCADO POPULAR DE ALTO OBRAJES,NA,NA,-16523606,-68104050,geobo
1535,La Paz,Mercado,MERCADO POPULAR PURA PURA,NA,NA,-16487745,-68150860,geobo
1536,La Paz,Mercado,MERCADO POPULAR RAUL SALMON 6 DE JUNIO,NA,NA,-16528206,-68123464,geobo
1537,La Paz,Mercado,MERCADO PRIVADO DE VILLA FATIMA,NA,NA,-16481100,-68120901,geobo
1538,La Paz,Mercado,MERCADO PROVISIOnaL LOS PINOS,NA,NA,-16542589,-68071505,geobo
1539,La Paz,Mercado,MERCADO RODRIGUES,NA,NA,-16500181,-68138986,geobo
1540,La Paz,Mercado,MERCADO RODRIGUEZ,NA,NA,-16500800,-68139526,geobo
1541,La Paz,Mercado,MERCADO RURAL DE CHINCANI,NA,NA,-16500102,-68081892,geobo
1542,La Paz,Mercado,MERCADO SAGRADO CORAZON DE JESUS,NA,NA,-16500822,-68153150,geobo
1543,La Paz,Mercado,MERCADO SAN CRISTOBAL,NA,NA,-16510396,-68145639,geobo
1544,La Paz,Mercado,MERCADO SAN ISIDRO,NA,NA,-16510877,-68106165,geobo
1545,La Paz,Mercado,MERCADO SAN JOSE,NA,NA,-16489127,-68158614,geobo
1546,La Paz,Mercado,MERCADO SAN JOSE DE MALLASILLA,NA,NA,-16566767,-68100704,geobo
1547,La Paz,Mercado,MERCADO SAN JUAN,NA,NA,-16491128,-68104088,geobo
1548,La Paz,Mercado,MERCADO SANCHEZ LIMA,NA,NA,-16507991,-68136735,geobo
1549,La Paz,Mercado,MERCADO SANTIAGO DE MUnaYPATA,NA,NA,-16489888,-68156545,geobo
1550,La Paz,Mercado,MERCADO SOPOCACHI,NA,NA,-16509351,-68129408,geobo
1551,La Paz,Mercado,MERCADO STRONGEST,NA,NA,-16515786,-68139929,geobo
1552,La Paz,Mercado,MERCADO TEOFILO MIRANDA,NA,NA,-16497146,-68116324,geobo
1553,La Paz,Mercado,MERCADO URKUPIÑA BAJO SAN ISIDRO,NA,NA,-16512052,-68107734,geobo
1554,La Paz,Mercado,MERCADO URUGUAY,NA,NA,-16497213,-68143713,geobo
1555,La Paz,Mercado,MERCADO VICENTE,NA,NA,-16497943,-68144297,geobo
1556,La Paz,Mercado,MERCADO VILLA ARMONIA,NA,NA,-16508744,-68110556,geobo
1557,La Paz,Mercado,MERCADO VILLA ARMONIA,NA,NA,-16508650,-68110747,geobo
1558,La Paz,Mercado,MERCADO VILLA ARMONIA,NA,NA,-16508669,-68110924,geobo
1559,La Paz,Mercado,MERCADO VILLA ARMONIA,NA,NA,-16508706,-68110634,geobo
1560,La Paz,Mercado,MERCADO VILLA ARMONIA,NA,NA,-16508830,-68110426,geobo
1561,La Paz,Mercado,MERCADO VILLA EL CARMEN,NA,NA,-16469001,-68115255,geobo
1562,La Paz,Mercado,MERCADO VILLA FATIMA,NA,NA,-16480552,-68121093,geobo
1563,La Paz,Mercado,MERCADO VILLA NUEVA POTOSI,NA,NA,-16505482,-68149345,geobo
1564,La Paz,Mercado,MERCADO VIRGEN DE LAS NIEVES,NA,NA,-16475460,-68149372,geobo
1565,La Paz,Mercado,SUMAYA MERCADO DE BRUJAS,NA,NA,-16496160,-68138757,geobo
1566,La Paz,Mercado,MERCADO MODELO SAN JOSE COROICO,NA,NA,-16189497,-67727843,geobo
1567,La Paz,Mercado,MERCADO POPULAR DE ACHACACHI,NA,NA,-16043432,-68683960,geobo
1568,La Paz,Mercado,MERCADO LANZA,NA,NA,-16410793,-67526487,geobo
1569,La Paz,Mercado,MERCADO VIRGEN DE COPACABAna,NA,NA,-16406308,-67529120,geobo
1570,La Paz,Mercado,MERCADO CAMPESINO,NA,NA,-15586936,-67247128,geobo
1571,La Paz,Mercado,MERCADO VIRGEN DE CANDELARIA,NA,NA,-15586455,-67247578,geobo
1572,Oruro,Mercado,MERCADO ANTOFAGASTA,NA,NA,-18903386,-66764101,geobo
1573,Oruro,Mercado,MERCADO CAMPESINO,NA,NA,-18900454,-66763680,geobo
1574,Oruro,Mercado,MERCADO 6 DE AGOSTO,NA,NA,-17638522,-67219631,geobo
1575,Oruro,Mercado,ASOCIACION DE COMERCIANTES MERCADO MARIA AYMA,NA,NA,-17946043,-67095115,geobo
1576,Oruro,Mercado,MERCADO AURORA,NA,NA,-17912889,-67125580,geobo
1577,Oruro,Mercado,MERCADO BARTOLIna SISA,NA,NA,-17977681,-67097945,geobo
1578,Oruro,Mercado,MERCADO CAKEO,NA,NA,-17951790,-67110216,geobo
1579,Oruro,Mercado,MERCADO CAMACHO,NA,NA,-17956560,-67116946,geobo
1580,Oruro,Mercado,MERCADO CAMPERO,NA,NA,-17970887,-67110124,geobo
1581,Oruro,Mercado,MERCADO CAMPESINO KANTUTA,NA,NA,-17949729,-67102134,geobo
1582,Oruro,Mercado,MERCADO DE LA URBANIZACION BUSTILLOS,NA,NA,-17970989,-67057449,geobo
1583,Oruro,Mercado,MERCADO DE VINTO,NA,NA,-17972553,-67047099,geobo
1584,Oruro,Mercado,MERCADO EDUARDO AVAROA,NA,NA,-17987156,-67113831,geobo
1585,Oruro,Mercado,MERCADO EVO MORALES,NA,NA,-17964218,-67096846,geobo
1586,Oruro,Mercado,MERCADO EX ADUAna,NA,NA,-17971128,-67109614,geobo
1587,Oruro,Mercado,MERCADO EX ADUAna,NA,NA,-17970832,-67108766,geobo
1588,Oruro,Mercado,MERCADO FERMIN LOPEZ,NA,NA,-17966703,-67114759,geobo
1589,Oruro,Mercado,MERCADO GRAN PODER,NA,NA,-17982801,-67091528,geobo
1590,Oruro,Mercado,MERCADO JORGE PALENQUE,NA,NA,-17980288,-67122542,geobo
1591,Oruro,Mercado,MERCADO KANTUTA,NA,NA,-17950140,-67102728,geobo
1592,Oruro,Mercado,MERCADO MAX FERnaNDEZ,NA,NA,-17968282,-67097516,geobo
1593,Oruro,Mercado,MERCADO MIRAFLORES,NA,NA,-17939167,-67113760,geobo
1594,Oruro,Mercado,MERCADO POPULAR INCAPOZO,NA,NA,-17944731,-67119907,geobo
1595,Oruro,Mercado,MERCADO PUMAS ANDINOS,NA,NA,-17995669,-67068767,geobo
1596,Oruro,Mercado,MERCADO RAFAEL PABON,NA,NA,-17984349,-67103112,geobo
1597,Oruro,Mercado,MERCADO RAFAEL PABON,NA,NA,-17983357,-67102600,geobo
1598,Oruro,Mercado,MERCADO ROBERTO YOUNG,NA,NA,-17977894,-67132851,geobo
1599,Oruro,Mercado,MERCADO SAN JOSE,NA,NA,-17957845,-67123555,geobo
1600,Oruro,Mercado,MERCADO SAN PEDRO,NA,NA,-17945813,-67113232,geobo
1601,Oruro,Mercado,MERCADO V. FATIMA,NA,NA,-17959330,-67117941,geobo
1602,Oruro,Mercado,MERCADO VENEZUELA,NA,NA,-17938068,-67110484,geobo
1603,Oruro,Mercado,MERCADO VILLA VICTORIA,NA,NA,-17975276,-67054342,geobo
1604,Oruro,Mercado,MERCADO WHALTER KHON,NA,NA,-17980694,-67116353,geobo
1605,Oruro,Mercado,MKCROMERCADO CLAUDOA,NA,NA,-17962785,-67110530,geobo
1606,Oruro,Mercado,MERCADO CENTRAL EDUARDO AVAROA DE COMERCIANTES MINORISTAS MACHACAMARCA,NA,NA,-18173053,-67021538,geobo
1607,Oruro,Mercado,MERCADO 27 DE JUNIO,NA,NA,-18286804,-66834589,geobo
1608,Oruro,Mercado,MERCADO CENTRAL POOPO,NA,NA,-18380705,-66968743,geobo
1609,Oruro,Mercado,MERCADO CENTRAL HUARI,NA,NA,-19012678,-66776991,geobo
1610,Pando,Mercado,MERCADO CENTRAL,NA,NA,-11488927,-67245525,geobo
1611,Pando,Mercado,MERCADO,NA,NA,-11104234,-67556848,geobo
1612,Pando,Mercado,MERCADO CENTRAL SANTA ROSA DE PUERTO RICO,NA,NA,-11107285,-67552912,geobo
1613,Pando,Mercado,MERCADO CENTRAL DE COBIJA,NA,NA,-11021479,-68756778,geobo
1614,Pando,Mercado,MERCADO naZARIA,NA,NA,-11035075,-68776196,geobo
1615,Pando,Mercado,MERCADO PARAISO,NA,NA,-11028169,-68775494,geobo
1616,Potosí,Mercado,MERCADO ANTOFAGASTA,NA,NA,-20461438,-66825124,geobo
1617,Potosí,Mercado,MERCADO AVENIDA POTOSI,NA,NA,-20464288,-66825113,geobo
1618,Potosí,Mercado,MERCADO EL GALPON,NA,NA,-20463768,-66824355,geobo
1619,Potosí,Mercado,MERCADO EL PROGRESO,NA,NA,-20460246,-66831732,geobo
1620,Potosí,Mercado,MERCADO LINDO,NA,NA,-20467002,-66818474,geobo
1621,Potosí,Mercado,MERCADO MIRAFLORES,NA,NA,-20454092,-66830047,geobo
1622,Potosí,Mercado,MERCADO VALENTIN ARAMAYO,NA,NA,-20460096,-66822461,geobo
1623,Potosí,Mercado,MERCADO CENTRAL,NA,NA,-19554008,-65453847,geobo
1624,Potosí,Mercado,MERCADO DE CARNE,NA,NA,-19554367,-65453546,geobo
1625,Potosí,Mercado,FARMACIA SAN NICOLAS DE BARI  DE VERONICA MERCADO,NA,NA,-22085390,-65600391,geobo
1626,Potosí,Mercado,MERCADO 20 DE MAYO,NA,NA,-22092498,-65596174,geobo
1627,Potosí,Mercado,MERCADO 3 DE MARZO,NA,NA,-22093090,-65595612,geobo
1628,Potosí,Mercado,MERCADO ABASTO,NA,NA,-22084558,-65602377,geobo
1629,Potosí,Mercado,MERCADO CAMPESINO DE VILLAZON,NA,NA,-22083492,-65602330,geobo
1630,Potosí,Mercado,MERCADO HUMMER,NA,NA,-22095249,-65595947,geobo
1631,Potosí,Mercado,MERCADO ILIODORO VILLAZON,NA,NA,-22086030,-65599551,geobo
1632,Potosí,Mercado,MERCADO LA PAZ,NA,NA,-22094132,-65595924,geobo
1633,Potosí,Mercado,MERCADO MODESTO OMISTE,NA,NA,-22087795,-65596928,geobo
1634,Potosí,Mercado,MERCADO MUNICIPAL VIVANDERAS,NA,NA,-22095309,-65597081,geobo
1635,Potosí,Mercado,MERCADO SAN MARTIN,NA,NA,-22092896,-65593529,geobo
1636,Potosí,Mercado,MERCADO URCUPIÑA,NA,NA,-22092559,-65595960,geobo
1637,Potosí,Mercado,MERCADO CAMPESINO,NA,NA,-18424272,-66582350,geobo
1638,Potosí,Mercado,MERCADO CENTRAL,NA,NA,-18426036,-66584123,geobo
1639,Potosí,Mercado,MERCADO CENTRAL SAN MIGUEL,NA,NA,-18466737,-66569741,geobo
1640,Potosí,Mercado,MERCADO  VILLA FATIMA,NA,NA,-21435589,-65722821,geobo
1641,Potosí,Mercado,MERCADO CAMPESINO,NA,NA,-21451096,-65717654,geobo
1642,Potosí,Mercado,MERCADO GIL DURAN,NA,NA,-21444294,-65718964,geobo
1643,Potosí,Mercado,MERCADO LA PAZ,NA,NA,-21438262,-65718977,geobo
1644,Potosí,Mercado,MERCADO NEGRO,NA,NA,-21441713,-65719483,geobo
1645,Potosí,Mercado,MERCADO 10 DE NOVIEMBRE,NA,NA,-19587293,-65755027,geobo
1646,Potosí,Mercado,MERCADO ABASTO,NA,NA,-19573918,-65756220,geobo
1647,Potosí,Mercado,MERCADO BALLIVIAN,NA,NA,-19590828,-65750664,geobo
1648,Potosí,Mercado,MERCADO CALVARIO,NA,NA,-19597349,-65748141,geobo
1649,Potosí,Mercado,MERCADO CAMPESINO,NA,NA,-19590715,-65744795,geobo
1650,Potosí,Mercado,MERCADO CHUQUIMIA,NA,NA,-19580592,-65763242,geobo
1651,Potosí,Mercado,MERCADO GREMIAL,NA,NA,-19586429,-65756248,geobo
1652,Potosí,Mercado,MERCADO LAS LECHERIAS,NA,NA,-19559251,-65758533,geobo
1653,Potosí,Mercado,MERCADO PLAZA EL MINERO,NA,NA,-19594868,-65749974,geobo
1654,Potosí,Mercado,MERCADO SANTIAGO,NA,NA,-19593824,-65756725,geobo
1655,Potosí,Mercado,MERCADO SOLIDARIO SATELITE,NA,NA,-19567146,-65767717,geobo
1656,Potosí,Mercado,MERCADO T IKA LOMA,NA,NA,-19582211,-65745107,geobo
1657,Potosí,Mercado,MERCADO VICUÑAS,NA,NA,-19588179,-65758417,geobo
1658,Potosí,Mercado,MERCADO VILLA COPACABAna,NA,NA,-19574925,-65773255,geobo
1659,Santa Cruz,Mercado,MERCADO 25 DE FEBRERO,NA,NA,-17757663,-62995103,geobo
1660,Santa Cruz,Mercado,MERCADO 25 DE OCTUBRE,NA,NA,-17752873,-62995793,geobo
1661,Santa Cruz,Mercado,MERCADO CENTRAL DEL TORNO,NA,NA,-17995009,-63383537,geobo
1662,Santa Cruz,Mercado,MERCADO PRIVADO 18 DE NOVIEMBRE,NA,NA,-17988305,-63379947,geobo
1663,Santa Cruz,Mercado,MERCADO MUNICIPAL DE JOROCHITO,NA,NA,-18056598,-63427720,geobo
1664,Santa Cruz,Mercado,MERCADO CUMBRE DE LAS AMERICAS,NA,NA,-17900659,-63284668,geobo
1665,Santa Cruz,Mercado,MERCADO KM 13,NA,NA,-17880212,-63268778,geobo
1666,Santa Cruz,Mercado,"MERCADO MUNICIPAL EL CARMEN (VENTA DE VERDURAS ,FRUTAS,ABARROTES,PRODUCTOS LACTEOS,VENTA DE CARNE DE RES,POLLO,CERDO,COMIDAS,JUGUETES,PAN,ARTICULOS PARA EL HOGAR,LIBRERIA,VENTA DE ROPA USADA,VENTA DE ROPA NUEVA,CALSADOS Y CELULARES)",NA,NA,-17855261,-63249279,geobo
1667,Santa Cruz,Mercado,MERCADO MUNICIPAL LA GUARDIA,NA,NA,-17893381,-63329036,geobo
1668,Santa Cruz,Mercado,MERCADO POPULAR DE BARRIO LINDO,NA,NA,-17899528,-63269622,geobo
1669,Santa Cruz,Mercado,MERCADO SAN JOSE,NA,NA,-17942732,-63351827,geobo
1670,Santa Cruz,Mercado,ASOCIACION GREMIAL DE COMERCIATES MINORISTAS  18 DE AGOSTO  DEL MERCADO DE LA URBANIZACION  EL RECREO,NA,NA,-17885480,-63095221,geobo
1671,Santa Cruz,Mercado,ASOCICION 14 DE AGOSTO MERCADO AMBORO,NA,NA,-17866398,-63136977,geobo
1672,Santa Cruz,Mercado,MERCADO,NA,NA,-17890056,-63179042,geobo
1673,Santa Cruz,Mercado,MERCADO,NA,NA,-17800382,-63170193,geobo
1674,Santa Cruz,Mercado,MERCADO 1 DE MARZO,NA,NA,-17745513,-63117157,geobo
1675,Santa Cruz,Mercado,MERCADO 1 DE MAYO,NA,NA,-17722294,-63104333,geobo
1676,Santa Cruz,Mercado,MERCADO 12 DE OCTUBRE,NA,NA,-17754974,-63179537,geobo
1677,Santa Cruz,Mercado,MERCADO 12 DE OCTUBRE,NA,NA,-17754742,-63179727,geobo
1678,Santa Cruz,Mercado,MERCADO 12:DE OCTUBRE,NA,NA,-17754939,-63179790,geobo
1679,Santa Cruz,Mercado,MERCADO 2 DE AGOSTO,NA,NA,-17733994,-63142936,geobo
1680,Santa Cruz,Mercado,MERCADO 27 DE MAYO,NA,NA,-17826509,-63094047,geobo
1681,Santa Cruz,Mercado,MERCADO 7 CALLES,NA,NA,-17786370,-63185769,geobo
1682,Santa Cruz,Mercado,MERCADO ABASTO,NA,NA,-17796277,-63204430,geobo
1683,Santa Cruz,Mercado,MERCADO ALTO SAN PEDRO,NA,NA,-17810989,-63188765,geobo
1684,Santa Cruz,Mercado,MERCADO ASOCIACION 4 DE NOVIEMBRE,NA,NA,-17778434,-63202878,geobo
1685,Santa Cruz,Mercado,MERCADO BARRIO LINDO 12 DE JULIO,NA,NA,-17789235,-63167018,geobo
1686,Santa Cruz,Mercado,MERCADO BELEN,NA,NA,-17755077,-63188109,geobo
1687,Santa Cruz,Mercado,MERCADO BIBOSI,NA,NA,-17724225,-63110013,geobo
1688,Santa Cruz,Mercado,MERCADO BIBOSI,NA,NA,-17724649,-63109804,geobo
1689,Santa Cruz,Mercado,MERCADO BIBOSI,NA,NA,-17724392,-63109949,geobo
1690,Santa Cruz,Mercado,MERCADO BIBOSI,NA,NA,-17724121,-63109707,geobo
1691,Santa Cruz,Mercado,MERCADO BIBOSI,NA,NA,-17724549,-63109531,geobo
1692,Santa Cruz,Mercado,MERCADO BIBOSI,NA,NA,-17724544,-63109886,geobo
1693,Santa Cruz,Mercado,MERCADO BIBOSI,NA,NA,-17724277,-63109641,geobo
1694,Santa Cruz,Mercado,MERCADO BIBOSI,NA,NA,-17724428,-63109577,geobo
1695,Santa Cruz,Mercado,MERCADO CAMPESINO,NA,NA,-17777530,-63108242,geobo
1696,Santa Cruz,Mercado,MERCADO COMUNIDAD LAS PIEDADES,NA,NA,-17740338,-63055419,geobo
1697,Santa Cruz,Mercado,MERCADO COPACABAna,NA,NA,-17826495,-63125938,geobo
1698,Santa Cruz,Mercado,MERCADO CHACARILLA,NA,NA,-17773012,-63150537,geobo
1699,Santa Cruz,Mercado,MERCADO CHINBOL,NA,NA,-17783481,-63174038,geobo
1700,Santa Cruz,Mercado,MERCADO DE BARRIO  (SIN NOMBRE),NA,NA,-17854719,-63041063,geobo
1701,Santa Cruz,Mercado,MERCADO ECOLOGICO PATUJU,NA,NA,-17773776,-63052784,geobo
1702,Santa Cruz,Mercado,"MERCADO EL DORADO NORTE CONSTA DE 99 PUESTO, 1PUESTO DE LICORERIA , 3 PUESTOS DE DULCES Y GALLETAS, 2 PUESTOS EMBUTIDOS Y FIAMBRES, 2 PUESTOS DE VENTA DE COCA, 3 PUESTOS DE REGALOS Y JUGUETERIA, 5 PUESTOS DE CARNICERIA DE POLLO, 5 PUESTOS DE VERDURAS, 3",NA,NA,-17735459,-63098157,geobo
1703,Santa Cruz,Mercado,MERCADO EL FUERTE,NA,NA,-17847103,-63147983,geobo
1704,Santa Cruz,Mercado,MERCADO EL PROGRESO,NA,NA,-17823311,-63136074,geobo
1705,Santa Cruz,Mercado,MERCADO EL QUIOR,NA,NA,-17847159,-63081322,geobo
1706,Santa Cruz,Mercado,MERCADO EL TRIUNFO,NA,NA,-17861001,-63154675,geobo
1707,Santa Cruz,Mercado,MERCADO FLORIDA,NA,NA,-17870530,-63166894,geobo
1708,Santa Cruz,Mercado,MERCADO GUAPILO VENTA,NA,NA,-17765632,-63087175,geobo
1709,Santa Cruz,Mercado,MERCADO GUAPURU,NA,NA,-17851729,-63099774,geobo
1710,Santa Cruz,Mercado,MERCADO GUAPURU 2,NA,NA,-17810605,-63104579,geobo
1711,Santa Cruz,Mercado,MERCADO INTERnaCIOnaL,NA,NA,-17796028,-63105944,geobo
1712,Santa Cruz,Mercado,MERCADO JULIO LEYGUE,NA,NA,-17731247,-63121514,geobo
1713,Santa Cruz,Mercado,MERCADO LA AMISTA,NA,NA,-17837632,-63176965,geobo
1714,Santa Cruz,Mercado,MERCADO LA CUCHILLA (COMERCIO),NA,NA,-17826290,-63201526,geobo
1715,Santa Cruz,Mercado,MERCADO LA MORITA,NA,NA,-17816430,-63187816,geobo
1716,Santa Cruz,Mercado,MERCADO LA PRIMAVERA,NA,NA,-17823398,-63163838,geobo
1717,Santa Cruz,Mercado,MERCADO LA RAMADA,NA,NA,-17791848,-63188893,geobo
1718,Santa Cruz,Mercado,MERCADO LA RAMADA,NA,NA,-17793109,-63187990,geobo
1719,Santa Cruz,Mercado,MERCADO LA RAMADA,NA,NA,-17793286,-63188291,geobo
1720,Santa Cruz,Mercado,MERCADO LA RAMADA,NA,NA,-17793257,-63188550,geobo
1721,Santa Cruz,Mercado,MERCADO LA RAMADA,NA,NA,-17792060,-63188952,geobo
1722,Santa Cruz,Mercado,MERCADO LA RAMADA,NA,NA,-17793194,-63188449,geobo
1723,Santa Cruz,Mercado,MERCADO LA RAMADA,NA,NA,-17793310,-63187715,geobo
1724,Santa Cruz,Mercado,MERCADO LA RAMADA,NA,NA,-17793391,-63187901,geobo
1725,Santa Cruz,Mercado,MERCADO LA RAMADA,NA,NA,-17793346,-63187831,geobo
1726,Santa Cruz,Mercado,MERCADO LA RAMADA,NA,NA,-17793399,-63188054,geobo
1727,Santa Cruz,Mercado,MERCADO LA RAMADA,NA,NA,-17793228,-63187609,geobo
1728,Santa Cruz,Mercado,MERCADO LA RAMADA,NA,NA,-17793120,-63187841,geobo
1729,Santa Cruz,Mercado,MERCADO LA RAMADA,NA,NA,-17793170,-63187456,geobo
1730,Santa Cruz,Mercado,MERCADO LA RAMADA,NA,NA,-17793547,-63188151,geobo
1731,Santa Cruz,Mercado,MERCADO LA RAMADA,NA,NA,-17792843,-63188737,geobo
1732,Santa Cruz,Mercado,MERCADO LA RAMADS,NA,NA,-17791634,-63188703,geobo
1733,Santa Cruz,Mercado,MERCADO LAS PAMPITAS,NA,NA,-17769147,-63122608,geobo
1734,Santa Cruz,Mercado,MERCADO LAZARETO,NA,NA,-17783124,-63159894,geobo
1735,Santa Cruz,Mercado,MERCADO LIBERTAD,NA,NA,-17741980,-63086626,geobo
1736,Santa Cruz,Mercado,MERCADO LOS POCITOS,NA,NA,-17841486,-63110585,geobo
1737,Santa Cruz,Mercado,MERCADO LOS POZOS,NA,NA,-17778467,-63177598,geobo
1738,Santa Cruz,Mercado,MERCADO MAYORISTA ABASTO 2,NA,NA,-17849325,-63231043,geobo
1739,Santa Cruz,Mercado,MERCADO MIRAFLORES,NA,NA,-17800226,-63130373,geobo
1740,Santa Cruz,Mercado,MERCADO MODELO PLAN 3000,NA,NA,-17821496,-63147411,geobo
1741,Santa Cruz,Mercado,MERCADO MUNICIPAL ABASTO 3,NA,NA,-17828319,-63208275,geobo
1742,Santa Cruz,Mercado,MERCADO MUNICIPAL EL BOSQUE,NA,NA,-17812737,-63214771,geobo
1743,Santa Cruz,Mercado,MERCADO MUNICIPAL EL TRILLO,NA,NA,-17760545,-63127731,geobo
1744,Santa Cruz,Mercado,MERCADO MUNICIPAL FORTALEZA,NA,NA,-17863387,-63160854,geobo
1745,Santa Cruz,Mercado,MERCADO MUNICIPAL LOS TUSEQUIS,NA,NA,-17741709,-63154345,geobo
1746,Santa Cruz,Mercado,MERCADO MUNICIPAL MAGISTERIO SUR,NA,NA,-17870993,-63178297,geobo
1747,Santa Cruz,Mercado,MERCADO MUNICIPAL TURERE,NA,NA,-17842328,-63100562,geobo
1748,Santa Cruz,Mercado,MERCADO MUSICAL 26 DE ABRIL,NA,NA,-17829840,-63174521,geobo
1749,Santa Cruz,Mercado,MERCADO MUTUALISTA,NA,NA,-17762798,-63161995,geobo
1750,Santa Cruz,Mercado,MERCADO NUEVA EZPERANZA,NA,NA,-17735383,-63111870,geobo
1751,Santa Cruz,Mercado,MERCADO PLAN 3000,NA,NA,-17823292,-63112258,geobo
1752,Santa Cruz,Mercado,MERCADO PRIMERO DE MAYO,NA,NA,-17798178,-63132608,geobo
1753,Santa Cruz,Mercado,MERCADO RETOÑO,NA,NA,-17740034,-63073727,geobo
1754,Santa Cruz,Mercado,"MERCADO SAN ANTONIO VENTA DE ABARROTES, VENTA DE CARNE DE RES, POLLO Y CERDO, VENTA DE ROPA NUEBA, VENTA DE ROPA USADA  VENTA DE  CALZADOS, VENTA DE PAN, VENTA DE VERDURAS, VENTA FRUTA, VENTA DE PRODUCTOS DE LIMPIEZA DEL HOGAR",NA,NA,-17826107,-63226997,geobo
1755,Santa Cruz,Mercado,MERCADO SAN JORGE,NA,NA,-17736622,-63090661,geobo
1756,Santa Cruz,Mercado,MERCADO SAN JUAN,NA,NA,-17791105,-63137102,geobo
1757,Santa Cruz,Mercado,MERCADO SAN LUIS,NA,NA,-17783839,-63195445,geobo
1758,Santa Cruz,Mercado,MERCADO SANTA CRUZ SUR,NA,NA,-17850954,-63181306,geobo
1759,Santa Cruz,Mercado,MERCADO SANTA ROSA,NA,NA,-17810874,-63189433,geobo
1760,Santa Cruz,Mercado,MERCADO TOBOROCH,NA,NA,-17848762,-63078859,geobo
1761,Santa Cruz,Mercado,MERCADO VICTORIA,NA,NA,-17815400,-63109698,geobo
1762,Santa Cruz,Mercado,MERCADO VICTORIA,NA,NA,-17814555,-63109709,geobo
1763,Santa Cruz,Mercado,MERCADO VICTORIA,NA,NA,-17817643,-63109736,geobo
1764,Santa Cruz,Mercado,MERCADO VICTORIA,NA,NA,-17816903,-63109731,geobo
1765,Santa Cruz,Mercado,MERCADO VILLA ESPERANZA,NA,NA,-17863046,-63168704,geobo
1766,Santa Cruz,Mercado,MERCADO VILLA FATIMA,NA,NA,-17812977,-63202617,geobo
1767,Santa Cruz,Mercado,MERCADO VIRGEN DEL LUJAN,NA,NA,-17754417,-63124179,geobo
1768,Santa Cruz,Mercado,MIKRO MERCADO LA BOBEDA,NA,NA,-17766734,-63150704,geobo
1769,Santa Cruz,Mercado,VENTAS AL POR MENOR EN EL MERCADO MAX FERnaNDEZ,NA,NA,-17868127,-63194996,geobo
1770,Santa Cruz,Mercado,MERCADO ABASTO,NA,NA,-20044980,-63531708,geobo
1771,Santa Cruz,Mercado,MERCADO MINORISTA SAN ANTONIO,NA,NA,-20039303,-63529746,geobo
1772,Santa Cruz,Mercado,MERCADO SAN ANTONIO,NA,NA,-20039322,-63530007,geobo
1773,Santa Cruz,Mercado,MERCADO MUNICIPAL DE ROBORE,NA,NA,-18329536,-59756404,geobo
1774,Santa Cruz,Mercado,MERCADO 15 DE AGOSTO,NA,NA,-17843533,-60738172,geobo
1775,Santa Cruz,Mercado,MERCADO MODELO 15 DE AGOSTO,NA,NA,-17840549,-60742438,geobo
1776,Santa Cruz,Mercado,MERCADO MUNICIPAL CASTA ROJAS,NA,NA,-18180735,-63874751,geobo
1777,Santa Cruz,Mercado,MERCADO MUNICIPAL DE PUERTO QUIJARRO,NA,NA,-19004274,-57712068,geobo
1778,Santa Cruz,Mercado,MERCADO EL CARMEN,NA,NA,-18967900,-57799909,geobo
1779,Santa Cruz,Mercado,MERCADO CAMPESINO,NA,NA,-15892561,-63189353,geobo
1780,Santa Cruz,Mercado,MERCADO CENTRAL,NA,NA,-15898603,-63188809,geobo
1781,Santa Cruz,Mercado,MERCADO CAMPESINO 2 DE AGOSTO,NA,NA,-17455881,-63663217,geobo
1782,Santa Cruz,Mercado,MERCADO 1 DE MAYO,NA,NA,-17407409,-63730385,geobo
1783,Santa Cruz,Mercado,MERCADO SAN CARLOS,NA,NA,-17406954,-63730785,geobo
1784,Santa Cruz,Mercado,MERCADO COOPERATIVA,NA,NA,-17399496,-63824528,geobo
1785,Santa Cruz,Mercado,"MERCADO MUNICIPAL DE SAN JUAN ( VENTA AL POR MENOR DE ROPA ,JUGUETES,CD,ZAPATOS,ABARROTES,COTILLON, EN TIENDAS)",NA,NA,-17291464,-63852664,geobo
1786,Santa Cruz,Mercado,MERCADO,NA,NA,-17403511,-63885682,geobo
1787,Santa Cruz,Mercado,MERCADO AVAROA,NA,NA,-17401350,-63884304,geobo
1788,Santa Cruz,Mercado,MERCADO YAPACANI,NA,NA,-17403458,-63884986,geobo
1789,Santa Cruz,Mercado,MERCADO 8 DE OCTUBRE,NA,NA,-16133005,-62027461,geobo
1790,Santa Cruz,Mercado,MERCADO CONCEPCION,NA,NA,-16126790,-62031034,geobo
1791,Santa Cruz,Mercado,MERCADO CONCEPCION,NA,NA,-16125622,-62031018,geobo
1792,Santa Cruz,Mercado,MERCADO EL TROMPILLO,NA,NA,-16132529,-62026472,geobo
1793,Santa Cruz,Mercado,ASOCIACION GREMIAL DE COMERCIANTES MERCADO MUNICIPAL,NA,NA,-17271177,-62557058,geobo
1794,Santa Cruz,Mercado,MERCADO 4 CAÑADAS,NA,NA,-17262706,-62555873,geobo
1795,Santa Cruz,Mercado,MERCADO MUNICIPAL 24 DE SEPTIEMBRE,NA,NA,-16274346,-62501198,geobo
1796,Santa Cruz,Mercado,MERCADO DE SAN JULIAN,NA,NA,-16911647,-62617941,geobo
1797,Santa Cruz,Mercado,MERCADO SAN RAMON,NA,NA,-16613410,-62500517,geobo
1798,Santa Cruz,Mercado,MERCADO CAMPESINO,NA,NA,-17125372,-63228163,geobo
1799,Santa Cruz,Mercado,MERCADO  PRINCIPAL DE MONTERO,NA,NA,-17342849,-63247044,geobo
1800,Santa Cruz,Mercado,MERCADO BARRIENTOS,NA,NA,-17342596,-63246971,geobo
1801,Santa Cruz,Mercado,MERCADO DOMINICAL EL CARMEN,NA,NA,-17346524,-63259961,geobo
1802,Santa Cruz,Mercado,MERCADO EL CARMEN,NA,NA,-17346982,-63260559,geobo
1803,Santa Cruz,Mercado,MERCADO GERMAN MORENO,NA,NA,-17342964,-63249040,geobo
1804,Santa Cruz,Mercado,MERCADO POPULAR,NA,NA,-17349089,-63244717,geobo
1805,Santa Cruz,Mercado,MERCADO POPULAR,NA,NA,-17349234,-63245679,geobo
1806,Santa Cruz,Mercado,MERCADO PRINCIPAL DE MONTERO,NA,NA,-17342791,-63246664,geobo
1807,Santa Cruz,Mercado,MERCADO VILLA VERDE,NA,NA,-17334114,-63250422,geobo
1808,Santa Cruz,Mercado,MERCADO VILLA VERDE,NA,NA,-17333500,-63249318,geobo
1809,Santa Cruz,Mercado,SUPEMERCADO UNION NORTE,NA,NA,-17340973,-63256594,geobo
1810,Santa Cruz,Mercado,MERCADO BOLIVAR,NA,NA,-17356702,-63399027,geobo
1811,Santa Cruz,Mercado,MERCADO MUNICIPAL DE PORTACHUELO,NA,NA,-17356095,-63395383,geobo
1812,Santa Cruz,Mercado,MERCADO 5 DE FEBRERO,NA,NA,-17111718,-63597966,geobo
1813,Santa Cruz,Mercado,MERCADO ABASTO DE VALLEGRANDE,NA,NA,-18484165,-64101778,geobo
1814,Santa Cruz,Mercado,MERCADO CAMPESINO,NA,NA,-18492509,-64106702,geobo
1815,Santa Cruz,Mercado,MERCADO CELSO CAMACHO,NA,NA,-18491388,-64106893,geobo
1816,Santa Cruz,Mercado,MERCADO SAMUEL VILLAZON,NA,NA,-18491377,-64107197,geobo
1817,Santa Cruz,Mercado,MERCADO  31 DE JULIO,NA,NA,-16377395,-60963311,geobo
1818,Santa Cruz,Mercado,MERCADO 23 DE MARZO,NA,NA,-16379211,-60967508,geobo
1819,Santa Cruz,Mercado,MERCADO 8 DE DICIEMBRE NUEVAS CASETAS,NA,NA,-16376300,-60963197,geobo
1820,Santa Cruz,Mercado,MERCADO 8 DE DICIEMBRE VIEJO QUEMADO,NA,NA,-16376405,-60963615,geobo
1821,Santa Cruz,Mercado,MERCADO COMERCIAL SAN IGnaCIO,NA,NA,-16377039,-60964119,geobo
1822,Santa Cruz,Mercado,MERCADO,NA,NA,-17561450,-63174773,geobo
1823,Santa Cruz,Mercado,MERCADO 12 DE ABRIL,NA,NA,-17605429,-63154435,geobo
1824,Santa Cruz,Mercado,MERCADO CAMPESINO 30 DE AGOSTO,NA,NA,-17511377,-63159180,geobo
1825,Santa Cruz,Mercado,MERCADO CENTRAL LAS LOMAS UV7,NA,NA,-17607703,-63165221,geobo
1826,Santa Cruz,Mercado,MERCADO CENTRAL PENTAGUAZU 1,NA,NA,-17601021,-63125260,geobo
1827,Santa Cruz,Mercado,MERCADO COOPERATIVA 25 DENOVIEMBRE,NA,NA,-17515180,-63166700,geobo
1828,Santa Cruz,Mercado,MERCADO INTEGRACION DEL NORTE,NA,NA,-17597710,-63171580,geobo
1829,Santa Cruz,Mercado,MERCADO MUNICIPAL ALFREDO VACA DIEZ,NA,NA,-17509528,-63167274,geobo
1830,Santa Cruz,Mercado,MERCADO SATELITE NORTE,NA,NA,-17603284,-63137408,geobo
1831,Tarija,Mercado,MERCADO BOLIVAR,NA,NA,-22735593,-64335774,geobo
1832,Tarija,Mercado,MERCADO CAMPESINO,NA,NA,-22729632,-64339866,geobo
1833,Tarija,Mercado,MERCADO CAMPESINO 2 DE AGOSTO,NA,NA,-22733323,-64326481,geobo
1834,Tarija,Mercado,MERCADO LAS CHALAnaS,NA,NA,-22732139,-64349274,geobo
1835,Tarija,Mercado,MERCADO SAN ANTONIO,NA,NA,-22743541,-64331680,geobo
1836,Tarija,Mercado,MERCADO CENTRAL EL VALLE DE LA CONCEPCION,NA,NA,-21696816,-64654160,geobo
1837,Tarija,Mercado,MERCADO CENTRAL,NA,NA,-21525623,-64173112,geobo
1838,Tarija,Mercado,NUEVO MERCADO CENTRAL ENTRE RIOS,NA,NA,-21522380,-64170802,geobo
1839,Tarija,Mercado,MERCADO ABASTO DEL SUR-MODULO 1,NA,NA,-21551887,-64691004,geobo
1840,Tarija,Mercado,MERCADO AVASTO DEL SUR,NA,NA,-21551837,-64690004,geobo
1841,Tarija,Mercado,MERCADO BOLIVAR,NA,NA,-21536294,-64720296,geobo
1842,Tarija,Mercado,MERCADO CAMPESINO CERCAT,NA,NA,-21519907,-64741822,geobo
1843,Tarija,Mercado,MERCADO CAMPESINO CRAMA,NA,NA,-21519306,-64742636,geobo
1844,Tarija,Mercado,MERCADO CENTRAL,NA,NA,-21531172,-64734947,geobo
1845,Tarija,Mercado,MERCADO DEL SUR,NA,NA,-21553217,-64689161,geobo
1846,Tarija,Mercado,MERCADO EL ABASTO,NA,NA,-21512688,-64736592,geobo
1847,Tarija,Mercado,MERCADO EL MOLINO,NA,NA,-21533025,-64737729,geobo
1848,Tarija,Mercado,MERCADO IV CENTEnaRIO,NA,NA,-21530392,-64736898,geobo
1849,Tarija,Mercado,MERCADO LA LOMA,NA,NA,-21526437,-64736841,geobo
1850,Tarija,Mercado,MERCADO LUIS DE FUENTES,NA,NA,-21540056,-64740850,geobo
1851,Tarija,Mercado,MERCADO NEGRO,NA,NA,-21534973,-64730389,geobo
1852,Tarija,Mercado,MERCADO SAN BERnaRDO,NA,NA,-21525041,-64723568,geobo
1853,Tarija,Mercado,MERCADO SAN GERONIMO,NA,NA,-21544159,-64716526,geobo
1854,Tarija,Mercado,MERCADO SAN MARTIN,NA,NA,-21535169,-64741309,geobo
1855,Tarija,Mercado,MERCADO VILLA AVAROA,NA,NA,-21521620,-64731314,geobo
1856,Tarija,Mercado,VENTA DE ABARROTES MERCADO GRAMA,NA,NA,-21518738,-64741635,geobo
1857,Tarija,Mercado,MERCADO CENTRAL DE CARAPARI,NA,NA,-21829015,-63739488,geobo
1858,Tarija,Mercado,ASOCIACION DE COMERCIALES 6 DE AGOSTO MERCADO CAMPESINO,NA,NA,-21261811,-63457174,geobo
1859,Tarija,Mercado,MERCADO CENTRAL DE VILLAMONTES,NA,NA,-21264908,-63471529,geobo
1860,Tarija,Mercado,MERCADO ABASTO,NA,NA,-22025110,-63680184,geobo
1861,Tarija,Mercado,MERCADO BARRIO NUEVO,NA,NA,-22042405,-63682845,geobo
1862,Tarija,Mercado,MERCADO CENTRAL DE YACUIBA,NA,NA,-22014810,-63679239,geobo
1863,Tarija,Mercado,MERCADO CENTRAL HECTOR BLACUT,NA,NA,-22047940,-63682228,geobo
1864,Tarija,Mercado,MERCADO CENTRAL SECCION TELAS,NA,NA,-22015957,-63679039,geobo
1865,Tarija,Mercado,MERCADO LOURDES,NA,NA,-22011031,-63676135,geobo
1866,Tarija,Mercado,MERCADO MAGALEÑOS,NA,NA,-22021439,-63676665,geobo
1867,Tarija,Mercado,MERCADO DE SAN LORENZO,NA,NA,-21418330,-64749765,geobo
1868,Tarija,Mercado,MERCADO EVO MORALES SAN LORENZO,NA,NA,-21404705,-64747039,geobo
